material_type,mean,median,std,count
composite,0.23755291518080565,0.15103662781832838,0.2049044066484578,14
generic,0.19573114748002798,0.09484124815885764,0.2917750617068307,89
polymer,0.9627288689491595,0.11305450972717779,2.4595597236304174,41
