proxy,corr_heat_flux,corr_time_to_ign,corr_end_of_test_time,avg_std_by_material
phase1_proxy,0.8589784624554134,-0.5809099518393895,-0.1007014818133474,11.798661168439816
pca_proxy,0.3696890069836274,-0.4787553366326508,-0.8664141192331001,14.23708206065848
reg_proxy,0.931148674903864,-0.4452603866533931,-0.4720193364465209,16.237930829301163
