proxy,corr_heat_flux,corr_time_to_ign,corr_end_of_test_time
phase1_proxy,0.8589784624554134,-0.5809099518393895,-0.1007014818133474
pca_proxy,0.3696890069836274,-0.4787553366326508,-0.8664141192331001
reg_proxy,0.9311486749038641,-0.4452603866533931,-0.47201933644652094
