proxy,pearson_r_heat_flux,pearson_r_time_to_ign
phase1_weighted,0.8589784624554133,-0.5809099518393896
pca_composite,0.04509107416868115,-0.011310730287482406
regression_proxy,0.9311486749039416,-0.445260386653393
